timestamp,event_type,detail,x,y,window_title,element_type,element_content
2026-03-24T19:29:02.221348,mouse_move,Mouse at (290, 292),290,292,,,
2026-03-24T19:29:02.228794,mouse_move,Mouse at (290, 293),290,293,,,
2026-03-24T19:29:02.245392,mouse_move,Mouse at (291, 293),291,293,,,
2026-03-24T19:29:02.252392,mouse_move,Mouse at (291, 294),291,294,,,
2026-03-24T19:29:02.260716,mouse_move,Mouse at (292, 295),292,295,,,
2026-03-24T19:29:02.268862,mouse_move,Mouse at (293, 296),293,296,,,
2026-03-24T19:29:02.276948,mouse_move,Mouse at (294, 297),294,297,,,
2026-03-24T19:29:02.285167,mouse_move,Mouse at (295, 299),295,299,,,
2026-03-24T19:29:02.293305,mouse_move,Mouse at (296, 301),296,301,,,
2026-03-24T19:29:02.301453,mouse_move,Mouse at (299, 304),299,304,,,
2026-03-24T19:29:02.309008,mouse_move,Mouse at (300, 305),300,305,,,
2026-03-24T19:29:02.316466,mouse_move,Mouse at (303, 309),303,309,,,
2026-03-24T19:29:02.324497,mouse_move,Mouse at (305, 312),305,312,,,
2026-03-24T19:29:02.332599,mouse_move,Mouse at (308, 315),308,315,,,
2026-03-24T19:29:02.340633,mouse_move,Mouse at (313, 320),313,320,,,
2026-03-24T19:29:02.348760,mouse_move,Mouse at (317, 322),317,322,,,
2026-03-24T19:29:02.357905,mouse_move,Mouse at (320, 327),320,327,,,
2026-03-24T19:29:02.365009,mouse_move,Mouse at (323, 330),323,330,,,
2026-03-24T19:29:02.373214,mouse_move,Mouse at (327, 334),327,334,,,
2026-03-24T19:29:02.381375,mouse_move,Mouse at (331, 339),331,339,,,
2026-03-24T19:29:02.388663,mouse_move,Mouse at (334, 344),334,344,,,
2026-03-24T19:29:02.396868,mouse_move,Mouse at (338, 347),338,347,,,
2026-03-24T19:29:02.404954,mouse_move,Mouse at (342, 352),342,352,,,
2026-03-24T19:29:02.413022,mouse_move,Mouse at (346, 356),346,356,,,
2026-03-24T19:29:02.421254,mouse_move,Mouse at (350, 361),350,361,,,
2026-03-24T19:29:02.429299,mouse_move,Mouse at (354, 367),354,367,,,
2026-03-24T19:29:02.437095,mouse_move,Mouse at (359, 372),359,372,,,
2026-03-24T19:29:02.445238,mouse_move,Mouse at (366, 379),366,379,,,
2026-03-24T19:29:02.453315,mouse_move,Mouse at (375, 387),375,387,,,
2026-03-24T19:29:02.461359,mouse_move,Mouse at (381, 394),381,394,,,
2026-03-24T19:29:02.468483,mouse_move,Mouse at (393, 405),393,405,,,
2026-03-24T19:29:02.476545,mouse_move,Mouse at (403, 415),403,415,,,
2026-03-24T19:29:02.484686,mouse_move,Mouse at (414, 427),414,427,,,
2026-03-24T19:29:02.492783,mouse_move,Mouse at (429, 440),429,440,,,
2026-03-24T19:29:02.501041,mouse_move,Mouse at (444, 454),444,454,,,
2026-03-24T19:29:02.509116,mouse_move,Mouse at (456, 465),456,465,,,
2026-03-24T19:29:02.517281,mouse_move,Mouse at (471, 479),471,479,,,
2026-03-24T19:29:02.525342,mouse_move,Mouse at (484, 490),484,490,,,
2026-03-24T19:29:02.532486,mouse_move,Mouse at (498, 502),498,502,,,
2026-03-24T19:29:02.541614,mouse_move,Mouse at (510, 511),510,511,,,
2026-03-24T19:29:02.548745,mouse_move,Mouse at (522, 522),522,522,,,
2026-03-24T19:29:02.556863,mouse_move,Mouse at (537, 534),537,534,,,
2026-03-24T19:29:02.564971,mouse_move,Mouse at (549, 544),549,544,,,
2026-03-24T19:29:02.573065,mouse_move,Mouse at (560, 552),560,552,,,
2026-03-24T19:29:02.581098,mouse_move,Mouse at (574, 564),574,564,,,
2026-03-24T19:29:02.589205,mouse_move,Mouse at (588, 574),588,574,,,
2026-03-24T19:29:02.597235,mouse_move,Mouse at (600, 585),600,585,,,
2026-03-24T19:29:02.605336,mouse_move,Mouse at (611, 593),611,593,,,
2026-03-24T19:29:02.612374,mouse_move,Mouse at (623, 601),623,601,,,
2026-03-24T19:29:02.620481,mouse_move,Mouse at (631, 609),631,609,,,
2026-03-24T19:29:02.628514,mouse_move,Mouse at (639, 615),639,615,,,
2026-03-24T19:29:02.636649,mouse_move,Mouse at (646, 619),646,619,,,
2026-03-24T19:29:02.644709,mouse_move,Mouse at (652, 624),652,624,,,
2026-03-24T19:29:02.652828,mouse_move,Mouse at (657, 627),657,627,,,
2026-03-24T19:29:02.660893,mouse_move,Mouse at (661, 629),661,629,,,
2026-03-24T19:29:02.668960,mouse_move,Mouse at (664, 630),664,630,,,
2026-03-24T19:29:02.677016,mouse_move,Mouse at (667, 631),667,631,,,
2026-03-24T19:29:02.685081,mouse_move,Mouse at (670, 631),670,631,,,
2026-03-24T19:29:02.693161,mouse_move,Mouse at (672, 631),672,631,,,
2026-03-24T19:29:02.701252,mouse_move,Mouse at (675, 633),675,633,,,
2026-03-24T19:29:02.709330,mouse_move,Mouse at (678, 633),678,633,,,
2026-03-24T19:29:02.716442,mouse_move,Mouse at (681, 633),681,633,,,
2026-03-24T19:29:02.724546,mouse_move,Mouse at (685, 634),685,634,,,
2026-03-24T19:29:02.732719,mouse_move,Mouse at (691, 634),691,634,,,
2026-03-24T19:29:02.740853,mouse_move,Mouse at (697, 635),697,635,,,
2026-03-24T19:29:02.748900,mouse_move,Mouse at (703, 636),703,636,,,
2026-03-24T19:29:02.757017,mouse_move,Mouse at (707, 637),707,637,,,
2026-03-24T19:29:02.765105,mouse_move,Mouse at (714, 637),714,637,,,
2026-03-24T19:29:02.773229,mouse_move,Mouse at (722, 637),722,637,,,
2026-03-24T19:29:02.781318,mouse_move,Mouse at (731, 637),731,637,,,
2026-03-24T19:29:02.788404,mouse_move,Mouse at (741, 636),741,636,,,
2026-03-24T19:29:02.796482,mouse_move,Mouse at (752, 636),752,636,,,
2026-03-24T19:29:02.804572,mouse_move,Mouse at (761, 635),761,635,,,
2026-03-24T19:29:02.812625,mouse_move,Mouse at (772, 634),772,634,,,
2026-03-24T19:29:02.820765,mouse_move,Mouse at (784, 634),784,634,,,
2026-03-24T19:29:02.828967,mouse_move,Mouse at (794, 633),794,633,,,
2026-03-24T19:29:02.837070,mouse_move,Mouse at (804, 631),804,631,,,
2026-03-24T19:29:02.845124,mouse_move,Mouse at (813, 630),813,630,,,
2026-03-24T19:29:02.853206,mouse_move,Mouse at (822, 629),822,629,,,
2026-03-24T19:29:02.861264,mouse_move,Mouse at (828, 628),828,628,,,
2026-03-24T19:29:02.869341,mouse_move,Mouse at (835, 626),835,626,,,
2026-03-24T19:29:02.877031,mouse_move,Mouse at (844, 626),844,626,,,
2026-03-24T19:29:02.884748,mouse_move,Mouse at (849, 625),849,625,,,
2026-03-24T19:29:02.893326,mouse_move,Mouse at (855, 625),855,625,,,
2026-03-24T19:29:02.901246,mouse_move,Mouse at (859, 625),859,625,,,
2026-03-24T19:29:02.908365,mouse_move,Mouse at (864, 625),864,625,,,
2026-03-24T19:29:02.917168,mouse_move,Mouse at (868, 625),868,625,,,
2026-03-24T19:29:02.925166,mouse_move,Mouse at (871, 625),871,625,,,
2026-03-24T19:29:02.933166,mouse_move,Mouse at (873, 625),873,625,,,
2026-03-24T19:29:02.941069,mouse_move,Mouse at (875, 625),875,625,,,
2026-03-24T19:29:02.948714,mouse_move,Mouse at (876, 625),876,625,,,
2026-03-24T19:29:02.949735,mouse_click,Mouse left Click,876,625,,,
2026-03-24T19:29:03.231696,mouse_move,Mouse at (876, 624),876,624,,,
2026-03-24T19:29:03.232770,mouse_move,Mouse at (875, 623),875,623,,,
2026-03-24T19:29:03.252644,mouse_move,Mouse at (875, 623),875,623,,,
2026-03-24T19:29:03.268567,mouse_move,Mouse at (873, 623),873,623,,,
2026-03-24T19:29:03.276571,mouse_move,Mouse at (873, 622),873,622,,,
2026-03-24T19:29:03.310152,mouse_move,Mouse at (872, 622),872,622,,,
2026-03-24T19:29:03.311166,mouse_move,Mouse at (872, 622),872,622,,,
2026-03-24T19:29:03.317398,mouse_move,Mouse at (870, 622),870,622,,,
2026-03-24T19:29:03.324680,mouse_move,Mouse at (870, 622),870,622,,,
2026-03-24T19:29:03.332979,mouse_move,Mouse at (869, 622),869,622,,,
2026-03-24T19:29:03.341129,mouse_move,Mouse at (868, 622),868,622,,,
2026-03-24T19:29:03.376348,mouse_move,Mouse at (866, 622),866,622,,,
2026-03-24T19:29:03.376348,mouse_move,Mouse at (857, 621),857,621,,,
2026-03-24T19:29:03.383471,mouse_move,Mouse at (854, 621),854,621,,,
2026-03-24T19:29:03.389471,mouse_move,Mouse at (851, 620),851,620,,,
2026-03-24T19:29:03.396473,mouse_move,Mouse at (848, 620),848,620,,,
2026-03-24T19:29:03.425834,mouse_move,Mouse at (844, 620),844,620,,,
2026-03-24T19:29:03.426847,mouse_move,Mouse at (838, 620),838,620,,,
2026-03-24T19:29:03.428894,mouse_move,Mouse at (832, 621),832,621,,,
2026-03-24T19:29:03.437338,mouse_move,Mouse at (827, 622),827,622,,,
2026-03-24T19:29:03.444351,mouse_move,Mouse at (822, 624),822,624,,,
2026-03-24T19:29:03.476983,mouse_move,Mouse at (817, 626),817,626,,,
2026-03-24T19:29:03.476983,mouse_move,Mouse at (803, 637),803,637,,,
2026-03-24T19:29:03.485002,mouse_move,Mouse at (799, 642),799,642,,,
2026-03-24T19:29:03.493002,mouse_move,Mouse at (795, 647),795,647,,,
2026-03-24T19:29:03.501002,mouse_move,Mouse at (792, 652),792,652,,,
2026-03-24T19:29:03.541408,mouse_move,Mouse at (792, 659),792,659,,,
2026-03-24T19:29:03.542633,mouse_move,Mouse at (791, 690),791,690,,,
2026-03-24T19:29:03.549397,mouse_move,Mouse at (791, 699),791,699,,,
2026-03-24T19:29:03.556809,mouse_move,Mouse at (791, 706),791,706,,,
2026-03-24T19:29:03.592585,mouse_move,Mouse at (792, 714),792,714,,,
2026-03-24T19:29:03.592585,mouse_move,Mouse at (796, 730),796,730,,,
2026-03-24T19:29:03.597384,mouse_move,Mouse at (797, 732),797,732,,,
2026-03-24T19:29:03.605640,mouse_move,Mouse at (798, 732),798,732,,,
2026-03-24T19:29:03.642048,mouse_move,Mouse at (798, 732),798,732,,,
2026-03-24T19:29:03.643063,mouse_move,Mouse at (796, 729),796,729,,,
2026-03-24T19:29:03.645168,mouse_move,Mouse at (792, 724),792,724,,,
2026-03-24T19:29:03.652433,mouse_move,Mouse at (785, 716),785,716,,,
2026-03-24T19:29:03.660928,mouse_move,Mouse at (779, 710),779,710,,,
2026-03-24T19:29:03.694434,mouse_move,Mouse at (773, 703),773,703,,,
2026-03-24T19:29:03.695542,mouse_move,Mouse at (750, 679),750,679,,,
2026-03-24T19:29:03.704445,mouse_move,Mouse at (743, 671),743,671,,,
2026-03-24T19:29:03.709081,mouse_move,Mouse at (735, 664),735,664,,,
2026-03-24T19:29:03.717041,mouse_move,Mouse at (727, 659),727,659,,,
2026-03-24T19:29:03.761390,mouse_move,Mouse at (721, 656),721,656,,,
2026-03-24T19:29:03.762394,mouse_move,Mouse at (715, 650),715,650,,,
2026-03-24T19:29:03.773029,mouse_move,Mouse at (715, 650),715,650,,,
2026-03-24T19:29:03.875513,mouse_move,Mouse at (715, 650),715,650,,,
2026-03-24T19:29:03.875513,mouse_move,Mouse at (715, 650),715,650,,,
2026-03-24T19:29:03.876519,mouse_move,Mouse at (717, 650),717,650,,,
2026-03-24T19:29:03.884926,mouse_move,Mouse at (719, 650),719,650,,,
2026-03-24T19:29:03.892844,mouse_move,Mouse at (723, 649),723,649,,,
2026-03-24T19:29:03.928463,mouse_move,Mouse at (727, 648),727,648,,,
2026-03-24T19:29:03.929476,mouse_move,Mouse at (738, 646),738,646,,,
2026-03-24T19:29:03.938355,mouse_move,Mouse at (740, 646),740,646,,,
2026-03-24T19:29:03.940679,mouse_move,Mouse at (741, 646),741,646,,,
2026-03-24T19:29:03.948417,mouse_move,Mouse at (742, 646),742,646,,,
2026-03-24T19:29:03.957353,mouse_move,Mouse at (744, 646),744,646,,,
2026-03-24T19:29:03.993547,mouse_move,Mouse at (744, 646),744,646,,,
2026-03-24T19:29:03.994602,mouse_move,Mouse at (746, 646),746,646,,,
2026-03-24T19:29:03.994602,mouse_move,Mouse at (746, 646),746,646,,,
2026-03-24T19:29:03.996727,mouse_move,Mouse at (747, 646),747,646,,,
2026-03-24T19:29:04.005153,mouse_move,Mouse at (747, 646),747,646,,,
2026-03-24T19:29:04.094471,mouse_move,Mouse at (748, 646),748,646,,,
2026-03-24T19:29:04.102047,mouse_move,Mouse at (749, 646),749,646,,,
2026-03-24T19:29:04.110257,mouse_move,Mouse at (750, 646),750,646,,,
2026-03-24T19:29:04.116570,mouse_move,Mouse at (752, 646),752,646,,,
2026-03-24T19:29:04.163225,mouse_move,Mouse at (752, 646),752,646,,,
2026-03-24T19:29:04.163225,mouse_move,Mouse at (756, 647),756,647,,,
2026-03-24T19:29:04.164851,mouse_move,Mouse at (757, 649),757,649,,,
2026-03-24T19:29:04.172901,mouse_move,Mouse at (761, 651),761,651,,,
2026-03-24T19:29:04.181241,mouse_move,Mouse at (766, 654),766,654,,,
2026-03-24T19:29:04.225812,mouse_move,Mouse at (772, 659),772,659,,,
2026-03-24T19:29:04.225812,mouse_move,Mouse at (814, 706),814,706,,,
2026-03-24T19:29:04.228969,mouse_move,Mouse at (832, 724),832,724,,,
2026-03-24T19:29:04.237146,mouse_move,Mouse at (856, 750),856,750,,,
2026-03-24T19:29:04.244831,mouse_move,Mouse at (888, 779),888,779,,,
2026-03-24T19:29:04.277907,mouse_move,Mouse at (919, 807),919,807,,,
2026-03-24T19:29:04.278965,mouse_move,Mouse at (999, 890),999,890,,,
2026-03-24T19:29:04.286531,mouse_move,Mouse at (1018, 913),1018,913,,,
2026-03-24T19:29:04.293969,mouse_move,Mouse at (1034, 935),1034,935,,,
2026-03-24T19:29:04.300569,mouse_move,Mouse at (1044, 956),1044,956,,,
2026-03-24T19:29:04.341634,mouse_move,Mouse at (1050, 968),1050,968,,,
2026-03-24T19:29:04.341634,mouse_move,Mouse at (1052, 981),1052,981,,,
2026-03-24T19:29:04.342732,mouse_move,Mouse at (1051, 985),1051,985,,,
2026-03-24T19:29:04.349305,mouse_move,Mouse at (1048, 985),1048,985,,,
2026-03-24T19:29:04.357249,mouse_move,Mouse at (1046, 985),1046,985,,,
2026-03-24T19:29:04.364723,mouse_move,Mouse at (1045, 984),1045,984,,,
2026-03-24T19:29:04.509206,mouse_move,Mouse at (1044, 984),1044,984,,,
2026-03-24T19:29:04.516771,mouse_move,Mouse at (1044, 984),1044,984,,,
2026-03-24T19:29:04.525542,mouse_move,Mouse at (1039, 983),1039,983,,,
2026-03-24T19:29:04.559415,mouse_move,Mouse at (1035, 983),1035,983,,,
2026-03-24T19:29:04.560428,mouse_move,Mouse at (1017, 1002),1017,1002,,,
2026-03-24T19:29:04.567572,mouse_move,Mouse at (1007, 1017),1007,1017,,,
2026-03-24T19:29:04.572811,mouse_move,Mouse at (1000, 1039),1000,1039,,,
2026-03-24T19:29:04.580824,mouse_move,Mouse at (998, 1045),998,1045,,,
2026-03-24T19:29:04.610022,mouse_move,Mouse at (997, 1054),997,1054,,,
2026-03-24T19:29:04.611070,mouse_move,Mouse at (987, 1085),987,1085,,,
2026-03-24T19:29:04.613083,mouse_move,Mouse at (979, 1103),979,1103,,,
2026-03-24T19:29:04.621402,mouse_move,Mouse at (967, 1124),967,1124,,,
2026-03-24T19:29:04.628519,mouse_move,Mouse at (954, 1141),954,1141,,,
2026-03-24T19:29:04.636671,mouse_move,Mouse at (944, 1155),944,1155,,,
2026-03-24T19:29:04.677555,mouse_move,Mouse at (934, 1163),934,1163,,,
2026-03-24T19:29:04.678566,mouse_move,Mouse at (907, 1186),907,1186,,,
2026-03-24T19:29:04.685063,mouse_move,Mouse at (904, 1188),904,1188,,,
2026-03-24T19:29:04.692591,mouse_move,Mouse at (901, 1191),901,1191,,,
2026-03-24T19:29:04.701076,mouse_move,Mouse at (900, 1193),900,1193,,,
2026-03-24T19:29:04.743893,mouse_move,Mouse at (898, 1193),898,1193,,,
2026-03-24T19:29:04.744899,mouse_move,Mouse at (895, 1194),895,1194,,,
2026-03-24T19:29:04.752069,mouse_move,Mouse at (895, 1194),895,1194,,,
2026-03-24T19:29:04.757138,mouse_move,Mouse at (893, 1194),893,1194,,,
2026-03-24T19:29:04.765257,mouse_move,Mouse at (892, 1194),892,1194,,,
2026-03-24T19:29:04.810064,mouse_move,Mouse at (888, 1193),888,1193,,,
2026-03-24T19:29:04.811244,mouse_move,Mouse at (870, 1188),870,1188,,,
2026-03-24T19:29:04.813247,mouse_move,Mouse at (864, 1186),864,1186,,,
2026-03-24T19:29:04.820646,mouse_move,Mouse at (860, 1185),860,1185,,,
2026-03-24T19:29:04.829216,mouse_move,Mouse at (857, 1184),857,1184,,,
2026-03-24T19:29:04.861295,mouse_move,Mouse at (855, 1184),855,1184,,,
2026-03-24T19:29:04.861295,mouse_move,Mouse at (848, 1182),848,1182,,,
2026-03-24T19:29:04.869468,mouse_move,Mouse at (847, 1182),847,1182,,,
2026-03-24T19:29:04.876540,mouse_move,Mouse at (846, 1182),846,1182,,,
2026-03-24T19:29:04.884847,mouse_move,Mouse at (844, 1182),844,1182,,,
2026-03-24T19:29:04.928053,mouse_move,Mouse at (841, 1182),841,1182,,,
2026-03-24T19:29:04.930059,mouse_move,Mouse at (830, 1182),830,1182,,,
2026-03-24T19:29:04.936391,mouse_move,Mouse at (827, 1182),827,1182,,,
2026-03-24T19:29:04.941499,mouse_move,Mouse at (825, 1182),825,1182,,,
2026-03-24T19:29:04.949344,mouse_move,Mouse at (821, 1182),821,1182,,,
2026-03-24T19:29:04.957543,mouse_move,Mouse at (818, 1182),818,1182,,,
2026-03-24T19:29:04.964743,mouse_move,Mouse at (816, 1182),816,1182,,,
2026-03-24T19:29:04.973035,mouse_move,Mouse at (813, 1182),813,1182,,,
2026-03-24T19:29:04.981221,mouse_move,Mouse at (811, 1182),811,1182,,,
2026-03-24T19:29:05.027486,mouse_move,Mouse at (808, 1182),808,1182,,,
2026-03-24T19:29:05.028543,mouse_move,Mouse at (797, 1182),797,1182,,,
2026-03-24T19:29:05.029550,mouse_move,Mouse at (794, 1181),794,1181,,,
2026-03-24T19:29:05.037068,mouse_move,Mouse at (792, 1181),792,1181,,,
2026-03-24T19:29:05.044755,mouse_move,Mouse at (788, 1181),788,1181,,,
2026-03-24T19:29:05.053185,mouse_move,Mouse at (786, 1180),786,1180,,,
2026-03-24T19:29:05.096741,mouse_move,Mouse at (785, 1180),785,1180,,,
2026-03-24T19:29:05.099333,mouse_move,Mouse at (780, 1178),780,1178,,,
2026-03-24T19:29:05.101336,mouse_move,Mouse at (778, 1177),778,1177,,,
2026-03-24T19:29:05.108505,mouse_move,Mouse at (778, 1177),778,1177,,,
2026-03-24T19:29:05.117000,mouse_move,Mouse at (777, 1176),777,1176,,,
2026-03-24T19:29:05.163573,mouse_move,Mouse at (776, 1175),776,1175,,,
2026-03-24T19:29:05.163573,mouse_move,Mouse at (770, 1173),770,1173,,,
2026-03-24T19:29:05.164580,mouse_move,Mouse at (769, 1172),769,1172,,,
2026-03-24T19:29:05.172903,mouse_move,Mouse at (768, 1172),768,1172,,,
2026-03-24T19:29:05.181352,mouse_move,Mouse at (767, 1172),767,1172,,,
2026-03-24T19:29:05.189352,mouse_move,Mouse at (766, 1171),766,1171,,,
2026-03-24T19:29:05.228441,mouse_move,Mouse at (765, 1170),765,1170,,,
2026-03-24T19:29:05.228441,mouse_move,Mouse at (763, 1169),763,1169,,,
2026-03-24T19:29:05.229630,mouse_move,Mouse at (762, 1168),762,1168,,,
2026-03-24T19:29:05.236968,mouse_move,Mouse at (760, 1166),760,1166,,,
2026-03-24T19:29:05.245318,mouse_move,Mouse at (759, 1164),759,1164,,,
2026-03-24T19:29:05.294221,mouse_move,Mouse at (757, 1162),757,1162,,,
2026-03-24T19:29:05.294221,mouse_move,Mouse at (753, 1136),753,1136,,,
2026-03-24T19:29:05.295239,mouse_move,Mouse at (760, 1114),760,1114,,,
2026-03-24T19:29:05.301571,mouse_move,Mouse at (783, 1074),783,1074,,,
2026-03-24T19:29:05.308825,mouse_move,Mouse at (819, 1015),819,1015,,,
2026-03-24T19:29:05.317202,mouse_move,Mouse at (862, 953),862,953,,,
2026-03-24T19:29:05.343941,mouse_move,Mouse at (912, 887),912,887,,,
2026-03-24T19:29:05.344953,mouse_move,Mouse at (1029, 753),1029,753,,,
2026-03-24T19:29:05.350953,mouse_move,Mouse at (1090, 689),1090,689,,,
2026-03-24T19:29:05.357065,mouse_move,Mouse at (1157, 623),1157,623,,,
2026-03-24T19:29:05.365145,mouse_move,Mouse at (1231, 553),1231,553,,,
2026-03-24T19:29:05.397048,mouse_move,Mouse at (1316, 482),1316,482,,,
2026-03-24T19:29:05.397048,mouse_move,Mouse at (1560, 294),1560,294,,,
2026-03-24T19:29:05.405149,mouse_move,Mouse at (1641, 245),1641,245,,,
2026-03-24T19:29:05.412891,mouse_move,Mouse at (1718, 198),1718,198,,,
2026-03-24T19:29:05.421028,mouse_move,Mouse at (1793, 161),1793,161,,,
2026-03-24T19:29:05.429218,mouse_move,Mouse at (1858, 136),1858,136,,,
2026-03-24T19:29:05.464744,mouse_move,Mouse at (1910, 118),1910,118,,,
2026-03-24T19:29:05.464744,mouse_move,Mouse at (1996, 95),1996,95,,,
2026-03-24T19:29:05.468874,mouse_move,Mouse at (1925, 95),1925,95,,,
2026-03-24T19:29:05.476833,mouse_move,Mouse at (1922, 95),1922,95,,,
2026-03-24T19:29:05.528002,mouse_move,Mouse at (1919, 95),1919,95,,,
2026-03-24T19:29:05.536346,mouse_move,Mouse at (1919, 96),1919,96,,,
2026-03-24T19:29:05.541574,mouse_move,Mouse at (1918, 96),1918,96,,,
2026-03-24T19:29:05.549992,mouse_move,Mouse at (1914, 97),1914,97,,,
2026-03-24T19:29:05.593158,mouse_move,Mouse at (1902, 99),1902,99,,,
2026-03-24T19:29:05.594171,mouse_move,Mouse at (1870, 102),1870,102,,,
2026-03-24T19:29:05.595178,mouse_move,Mouse at (1864, 101),1864,101,,,
2026-03-24T19:29:05.597441,mouse_move,Mouse at (1862, 99),1862,99,,,
2026-03-24T19:29:05.605157,mouse_move,Mouse at (1859, 98),1859,98,,,
2026-03-24T19:29:05.613113,mouse_move,Mouse at (1857, 96),1857,96,,,
2026-03-24T19:29:05.662689,mouse_move,Mouse at (1856, 93),1856,93,,,
2026-03-24T19:29:05.662689,mouse_move,Mouse at (1844, 76),1844,76,,,
2026-03-24T19:29:05.671102,mouse_move,Mouse at (1841, 72),1841,72,,,
2026-03-24T19:29:05.677102,mouse_move,Mouse at (1839, 68),1839,68,,,
2026-03-24T19:29:05.685102,mouse_move,Mouse at (1835, 63),1835,63,,,
2026-03-24T19:29:05.728721,mouse_move,Mouse at (1834, 60),1834,60,,,
2026-03-24T19:29:05.728721,mouse_move,Mouse at (1822, 49),1822,49,,,
2026-03-24T19:29:05.733095,mouse_move,Mouse at (1819, 47),1819,47,,,
2026-03-24T19:29:05.741146,mouse_move,Mouse at (1817, 44),1817,44,,,
2026-03-24T19:29:05.748745,mouse_move,Mouse at (1812, 42),1812,42,,,
2026-03-24T19:29:05.791902,mouse_move,Mouse at (1809, 40),1809,40,,,
2026-03-24T19:29:05.792936,mouse_move,Mouse at (1791, 31),1791,31,,,
2026-03-24T19:29:05.799570,mouse_move,Mouse at (1787, 30),1787,30,,,
2026-03-24T19:29:05.804571,mouse_move,Mouse at (1785, 29),1785,29,,,
2026-03-24T19:29:05.813232,mouse_move,Mouse at (1782, 28),1782,28,,,
2026-03-24T19:29:05.847158,mouse_move,Mouse at (1780, 28),1780,28,,,
2026-03-24T19:29:05.848159,mouse_move,Mouse at (1775, 27),1775,27,,,
2026-03-24T19:29:05.856793,mouse_move,Mouse at (1774, 27),1774,27,,,
2026-03-24T19:29:05.869160,mouse_move,Mouse at (1773, 26),1773,26,,,
2026-03-24T19:29:05.913679,mouse_move,Mouse at (1773, 25),1773,25,,,
2026-03-24T19:29:05.916987,mouse_move,Mouse at (1773, 24),1773,24,,,
2026-03-24T19:29:05.924654,mouse_move,Mouse at (1773, 24),1773,24,,,
2026-03-24T19:29:05.933211,mouse_move,Mouse at (1774, 23),1774,23,,,
2026-03-24T19:29:05.941029,mouse_move,Mouse at (1775, 22),1775,22,,,
2026-03-24T19:29:05.982202,mouse_move,Mouse at (1775, 21),1775,21,,,
2026-03-24T19:29:05.983210,mouse_move,Mouse at (1784, 17),1784,17,,,
2026-03-24T19:29:05.990371,mouse_move,Mouse at (1785, 17),1785,17,,,
2026-03-24T19:29:05.997370,mouse_move,Mouse at (1786, 17),1786,17,,,
2026-03-24T19:29:06.004892,mouse_move,Mouse at (1786, 15),1786,15,,,
2026-03-24T19:29:06.045431,mouse_move,Mouse at (1787, 15),1787,15,,,
2026-03-24T19:29:06.046670,mouse_move,Mouse at (1788, 14),1788,14,,,
2026-03-24T19:29:06.111894,mouse_move,Mouse at (1789, 13),1789,13,,,
2026-03-24T19:29:06.112894,mouse_move,Mouse at (1789, 12),1789,12,,,
2026-03-24T19:29:06.124775,mouse_move,Mouse at (1791, 12),1791,12,,,
2026-03-24T19:29:06.133353,mouse_move,Mouse at (1792, 12),1792,12,,,
2026-03-24T19:29:06.179093,mouse_move,Mouse at (1792, 12),1792,12,,,
2026-03-24T19:29:06.179093,mouse_move,Mouse at (1798, 12),1798,12,,,
2026-03-24T19:29:06.181130,mouse_move,Mouse at (1799, 12),1799,12,,,
2026-03-24T19:29:06.293837,mouse_click,Mouse left Click,1799,12,,,
2026-03-24T19:29:07.396935,mouse_move,Mouse at (1799, 12),1799,12,,,
2026-03-24T19:29:07.405357,mouse_move,Mouse at (1799, 13),1799,13,,,
2026-03-24T19:29:07.412786,mouse_move,Mouse at (1799, 13),1799,13,,,
2026-03-24T19:29:07.444110,mouse_move,Mouse at (1799, 15),1799,15,,,
2026-03-24T19:29:07.445143,mouse_move,Mouse at (1799, 16),1799,16,,,
2026-03-24T19:29:07.447321,mouse_move,Mouse at (1798, 17),1798,17,,,
2026-03-24T19:29:07.452359,mouse_move,Mouse at (1796, 20),1796,20,,,
2026-03-24T19:29:07.462648,mouse_move,Mouse at (1794, 22),1794,22,,,
2026-03-24T19:29:07.468480,mouse_move,Mouse at (1792, 26),1792,26,,,
2026-03-24T19:29:07.515631,mouse_move,Mouse at (1788, 30),1788,30,,,
2026-03-24T19:29:07.515631,mouse_move,Mouse at (1759, 62),1759,62,,,
2026-03-24T19:29:07.517723,mouse_move,Mouse at (1749, 76),1749,76,,,
2026-03-24T19:29:07.525122,mouse_move,Mouse at (1736, 92),1736,92,,,
2026-03-24T19:29:07.532407,mouse_move,Mouse at (1726, 116),1726,116,,,
2026-03-24T19:29:07.540814,mouse_move,Mouse at (1709, 140),1709,140,,,
2026-03-24T19:29:07.581492,mouse_move,Mouse at (1694, 169),1694,169,,,
2026-03-24T19:29:07.581492,mouse_move,Mouse at (1628, 315),1628,315,,,
2026-03-24T19:29:07.590636,mouse_move,Mouse at (1616, 351),1616,351,,,
2026-03-24T19:29:07.596635,mouse_move,Mouse at (1605, 384),1605,384,,,
2026-03-24T19:29:07.605187,mouse_move,Mouse at (1597, 416),1597,416,,,
2026-03-24T19:29:07.645425,mouse_move,Mouse at (1589, 446),1589,446,,,
2026-03-24T19:29:07.646433,mouse_move,Mouse at (1567, 532),1567,532,,,
2026-03-24T19:29:07.653775,mouse_move,Mouse at (1565, 544),1565,544,,,
2026-03-24T19:29:07.661141,mouse_move,Mouse at (1564, 555),1564,555,,,
2026-03-24T19:29:07.669230,mouse_move,Mouse at (1563, 561),1563,561,,,
2026-03-24T19:29:07.710745,mouse_move,Mouse at (1562, 568),1562,568,,,
2026-03-24T19:29:07.711751,mouse_move,Mouse at (1561, 574),1561,574,,,
2026-03-24T19:29:07.712759,mouse_click,Mouse left Click,1561,574,,,
2026-03-24T19:29:07.843947,mouse_move,Mouse at (1560, 574),1560,574,,,
2026-03-24T19:29:07.845067,mouse_move,Mouse at (1559, 574),1559,574,,,
2026-03-24T19:29:07.846073,mouse_move,Mouse at (1556, 573),1556,573,,,
2026-03-24T19:29:07.853113,mouse_move,Mouse at (1550, 571),1550,571,,,
2026-03-24T19:29:07.861112,mouse_move,Mouse at (1543, 570),1543,570,,,
2026-03-24T19:29:07.909979,mouse_move,Mouse at (1535, 568),1535,568,,,
2026-03-24T19:29:07.911021,mouse_move,Mouse at (1477, 561),1477,561,,,
2026-03-24T19:29:07.917436,mouse_move,Mouse at (1464, 560),1464,560,,,
2026-03-24T19:29:07.924022,mouse_move,Mouse at (1451, 557),1451,557,,,
2026-03-24T19:29:07.933292,mouse_move,Mouse at (1438, 554),1438,554,,,
2026-03-24T19:29:07.979100,mouse_move,Mouse at (1428, 550),1428,550,,,
2026-03-24T19:29:07.980104,mouse_move,Mouse at (1404, 530),1404,530,,,
2026-03-24T19:29:07.981174,mouse_move,Mouse at (1401, 527),1401,527,,,
2026-03-24T19:29:07.989106,mouse_move,Mouse at (1399, 523),1399,523,,,
2026-03-24T19:29:07.997188,mouse_move,Mouse at (1397, 520),1397,520,,,
2026-03-24T19:29:08.004513,mouse_move,Mouse at (1395, 518),1395,518,,,
2026-03-24T19:29:08.046177,mouse_move,Mouse at (1393, 514),1393,514,,,
2026-03-24T19:29:08.047302,mouse_move,Mouse at (1385, 502),1385,502,,,
2026-03-24T19:29:08.054134,mouse_move,Mouse at (1383, 500),1383,500,,,
2026-03-24T19:29:08.061628,mouse_move,Mouse at (1382, 497),1382,497,,,
2026-03-24T19:29:08.069632,mouse_move,Mouse at (1381, 495),1381,495,,,
2026-03-24T19:29:08.110018,mouse_move,Mouse at (1377, 491),1377,491,,,
2026-03-24T19:29:08.111025,mouse_move,Mouse at (1369, 481),1369,481,,,
2026-03-24T19:29:08.118840,mouse_move,Mouse at (1368, 479),1368,479,,,
2026-03-24T19:29:08.126035,mouse_move,Mouse at (1367, 478),1367,478,,,
2026-03-24T19:29:08.132584,mouse_move,Mouse at (1367, 478),1367,478,,,
2026-03-24T19:29:08.176862,mouse_move,Mouse at (1366, 477),1366,477,,,
2026-03-24T19:29:08.179155,mouse_move,Mouse at (1364, 475),1364,475,,,
2026-03-24T19:29:08.180233,mouse_move,Mouse at (1363, 474),1363,474,,,
2026-03-24T19:29:08.189175,mouse_move,Mouse at (1362, 473),1362,473,,,
2026-03-24T19:29:08.196545,mouse_move,Mouse at (1361, 472),1361,472,,,
2026-03-24T19:29:08.246342,mouse_move,Mouse at (1361, 472),1361,472,,,
2026-03-24T19:29:08.246342,mouse_move,Mouse at (1351, 462),1351,462,,,
2026-03-24T19:29:08.255408,mouse_move,Mouse at (1349, 460),1349,460,,,
2026-03-24T19:29:08.260929,mouse_move,Mouse at (1347, 459),1347,459,,,
2026-03-24T19:29:08.268936,mouse_move,Mouse at (1346, 457),1346,457,,,
2026-03-24T19:29:08.277604,mouse_move,Mouse at (1344, 454),1344,454,,,
2026-03-24T19:29:08.315315,mouse_move,Mouse at (1343, 452),1343,452,,,
2026-03-24T19:29:08.315315,mouse_move,Mouse at (1339, 448),1339,448,,,
2026-03-24T19:29:08.317484,mouse_move,Mouse at (1339, 446),1339,446,,,
2026-03-24T19:29:08.324693,mouse_move,Mouse at (1337, 444),1337,444,,,
2026-03-24T19:29:08.333577,mouse_move,Mouse at (1336, 442),1336,442,,,
2026-03-24T19:29:08.340904,mouse_move,Mouse at (1335, 441),1335,441,,,
2026-03-24T19:29:08.379826,mouse_move,Mouse at (1334, 441),1334,441,,,
2026-03-24T19:29:08.381865,mouse_move,Mouse at (1333, 439),1333,439,,,
2026-03-24T19:29:08.404791,mouse_move,Mouse at (1332, 438),1332,438,,,
2026-03-24T19:29:08.529519,mouse_click,Mouse left Click,1332,438,,,
2026-03-24T19:29:08.669253,mouse_click,Mouse left Click,1332,438,,,
2026-03-24T19:29:08.949050,mouse_move,Mouse at (1332, 437),1332,437,,,
2026-03-24T19:29:09.671527,mouse_move,Mouse at (1332, 437),1332,437,,,
2026-03-24T19:29:09.672544,mouse_move,Mouse at (1333, 437),1333,437,,,
2026-03-24T19:29:09.951677,mouse_move,Mouse at (1333, 437),1333,437,,,
2026-03-24T19:29:09.954019,mouse_move,Mouse at (1317, 439),1317,439,,,
2026-03-24T19:29:09.956550,mouse_move,Mouse at (1300, 443),1300,443,,,
2026-03-24T19:29:09.964861,mouse_move,Mouse at (1274, 444),1274,444,,,
2026-03-24T19:29:09.972614,mouse_move,Mouse at (1246, 447),1246,447,,,
2026-03-24T19:29:10.018864,mouse_move,Mouse at (1204, 455),1204,455,,,
2026-03-24T19:29:10.019892,mouse_move,Mouse at (999, 480),999,480,,,
2026-03-24T19:29:10.020921,mouse_move,Mouse at (946, 486),946,486,,,
2026-03-24T19:29:10.031251,mouse_move,Mouse at (896, 493),896,493,,,
2026-03-24T19:29:10.038063,mouse_move,Mouse at (853, 505),853,505,,,
2026-03-24T19:29:10.045819,mouse_move,Mouse at (815, 515),815,515,,,
2026-03-24T19:29:10.053220,mouse_move,Mouse at (779, 526),779,526,,,
2026-03-24T19:29:10.104239,mouse_move,Mouse at (749, 534),749,534,,,
2026-03-24T19:29:10.105611,mouse_move,Mouse at (707, 555),707,555,,,
2026-03-24T19:29:10.106749,mouse_move,Mouse at (709, 561),709,561,,,
2026-03-24T19:29:10.109232,mouse_move,Mouse at (713, 566),713,566,,,
2026-03-24T19:29:10.349688,mouse_move,Mouse at (714, 567),714,567,,,
2026-03-24T19:29:10.350697,mouse_move,Mouse at (714, 574),714,574,,,
2026-03-24T19:29:10.359370,mouse_move,Mouse at (712, 577),712,577,,,
2026-03-24T19:29:10.365847,mouse_move,Mouse at (710, 581),710,581,,,
2026-03-24T19:29:10.372435,mouse_move,Mouse at (710, 585),710,585,,,
2026-03-24T19:29:10.380623,mouse_move,Mouse at (705, 588),705,588,,,
2026-03-24T19:29:10.412755,mouse_move,Mouse at (698, 594),698,594,,,
2026-03-24T19:29:10.413773,mouse_move,Mouse at (671, 603),671,603,,,
2026-03-24T19:29:10.421249,mouse_move,Mouse at (660, 605),660,605,,,
2026-03-24T19:29:10.429278,mouse_move,Mouse at (652, 607),652,607,,,
2026-03-24T19:29:10.437205,mouse_move,Mouse at (646, 607),646,607,,,
2026-03-24T19:29:10.479094,mouse_move,Mouse at (640, 607),640,607,,,
2026-03-24T19:29:10.480468,mouse_move,Mouse at (598, 602),598,602,,,
2026-03-24T19:29:10.489175,mouse_move,Mouse at (586, 599),586,599,,,
2026-03-24T19:29:10.493095,mouse_move,Mouse at (572, 594),572,594,,,
2026-03-24T19:29:10.501187,mouse_move,Mouse at (558, 589),558,589,,,
2026-03-24T19:29:10.508826,mouse_move,Mouse at (547, 586),547,586,,,
2026-03-24T19:29:10.517060,mouse_move,Mouse at (535, 583),535,583,,,
2026-03-24T19:29:10.550867,mouse_move,Mouse at (522, 579),522,579,,,
2026-03-24T19:29:10.551867,mouse_move,Mouse at (495, 573),495,573,,,
2026-03-24T19:29:10.560840,mouse_move,Mouse at (490, 570),490,570,,,
2026-03-24T19:29:10.565374,mouse_move,Mouse at (489, 570),489,570,,,
2026-03-24T19:29:10.572421,mouse_move,Mouse at (487, 570),487,570,,,
2026-03-24T19:29:10.581186,mouse_move,Mouse at (486, 569),486,569,,,
2026-03-24T19:29:10.614979,mouse_move,Mouse at (485, 568),485,568,,,
2026-03-24T19:29:10.625395,mouse_move,Mouse at (484, 568),484,568,,,
2026-03-24T19:29:10.637223,mouse_move,Mouse at (484, 567),484,567,,,
2026-03-24T19:29:10.680111,mouse_click,Mouse left Click,484,567,,,
2026-03-24T19:29:10.793523,mouse_move,Mouse at (483, 567),483,567,,,
2026-03-24T19:29:10.794538,mouse_move,Mouse at (482, 566),482,566,,,
2026-03-24T19:29:10.796859,mouse_move,Mouse at (481, 565),481,565,,,
2026-03-24T19:29:10.805558,mouse_move,Mouse at (481, 564),481,564,,,
2026-03-24T19:29:10.812725,mouse_move,Mouse at (479, 563),479,563,,,
2026-03-24T19:29:10.842594,mouse_move,Mouse at (476, 561),476,561,,,
2026-03-24T19:29:10.842594,mouse_move,Mouse at (467, 555),467,555,,,
2026-03-24T19:29:10.844812,mouse_move,Mouse at (461, 552),461,552,,,
2026-03-24T19:29:10.853328,mouse_move,Mouse at (457, 547),457,547,,,
2026-03-24T19:29:10.860813,mouse_move,Mouse at (451, 543),451,543,,,
2026-03-24T19:29:10.892448,mouse_move,Mouse at (444, 538),444,538,,,
2026-03-24T19:29:10.893565,mouse_move,Mouse at (425, 524),425,524,,,
2026-03-24T19:29:10.900855,mouse_move,Mouse at (417, 517),417,517,,,
2026-03-24T19:29:10.909240,mouse_move,Mouse at (409, 511),409,511,,,
2026-03-24T19:29:10.943445,mouse_move,Mouse at (401, 505),401,505,,,
2026-03-24T19:29:10.943445,mouse_move,Mouse at (383, 490),383,490,,,
2026-03-24T19:29:10.950798,mouse_move,Mouse at (378, 484),378,484,,,
2026-03-24T19:29:10.957062,mouse_move,Mouse at (373, 479),373,479,,,
2026-03-24T19:29:10.965002,mouse_move,Mouse at (368, 473),368,473,,,
2026-03-24T19:29:10.994180,mouse_move,Mouse at (365, 467),365,467,,,
2026-03-24T19:29:10.996193,mouse_move,Mouse at (361, 460),361,460,,,
2026-03-24T19:29:10.997226,mouse_move,Mouse at (359, 457),359,457,,,
2026-03-24T19:29:11.005508,mouse_move,Mouse at (358, 453),358,453,,,
2026-03-24T19:29:11.014444,mouse_move,Mouse at (358, 450),358,450,,,
2026-03-24T19:29:11.020723,mouse_move,Mouse at (358, 447),358,447,,,
2026-03-24T19:29:11.058993,mouse_move,Mouse at (358, 446),358,446,,,
2026-03-24T19:29:11.060075,mouse_move,Mouse at (355, 440),355,440,,,
2026-03-24T19:29:11.061218,mouse_move,Mouse at (354, 438),354,438,,,
2026-03-24T19:29:11.068960,mouse_move,Mouse at (353, 436),353,436,,,
2026-03-24T19:29:11.076383,mouse_move,Mouse at (351, 433),351,433,,,
2026-03-24T19:29:11.110816,mouse_move,Mouse at (350, 431),350,431,,,
2026-03-24T19:29:11.110816,mouse_move,Mouse at (346, 424),346,424,,,
2026-03-24T19:29:11.118953,mouse_move,Mouse at (346, 421),346,421,,,
2026-03-24T19:29:11.125180,mouse_move,Mouse at (345, 419),345,419,,,
2026-03-24T19:29:11.133526,mouse_move,Mouse at (345, 417),345,417,,,
2026-03-24T19:29:11.140957,mouse_move,Mouse at (344, 416),344,416,,,
2026-03-24T19:29:11.156794,mouse_move,Mouse at (344, 415),344,415,,,
2026-03-24T19:29:11.166162,mouse_move,Mouse at (344, 415),344,415,,,
2026-03-24T19:29:11.342583,mouse_click,Mouse left Click,344,415,,,
2026-03-24T19:29:11.542573,mouse_move,Mouse at (344, 413),344,413,,,
2026-03-24T19:29:11.742117,mouse_move,Mouse at (343, 413),343,413,,,
2026-03-24T19:29:11.742117,mouse_move,Mouse at (340, 413),340,413,,,
2026-03-24T19:29:11.750353,mouse_move,Mouse at (339, 413),339,413,,,
2026-03-24T19:29:11.756887,mouse_move,Mouse at (336, 413),336,413,,,
2026-03-24T19:29:11.764543,mouse_move,Mouse at (332, 413),332,413,,,
2026-03-24T19:29:11.794400,mouse_move,Mouse at (328, 413),328,413,,,
2026-03-24T19:29:11.795524,mouse_move,Mouse at (317, 413),317,413,,,
2026-03-24T19:29:11.796525,mouse_move,Mouse at (310, 413),310,413,,,
2026-03-24T19:29:11.804760,mouse_move,Mouse at (304, 413),304,413,,,
2026-03-24T19:29:11.813069,mouse_move,Mouse at (296, 413),296,413,,,
2026-03-24T19:29:11.858186,mouse_move,Mouse at (288, 413),288,413,,,
2026-03-24T19:29:11.859199,mouse_move,Mouse at (258, 413),258,413,,,
2026-03-24T19:29:11.861234,mouse_move,Mouse at (251, 413),251,413,,,
2026-03-24T19:29:11.868374,mouse_move,Mouse at (245, 413),245,413,,,
2026-03-24T19:29:11.876798,mouse_move,Mouse at (241, 413),241,413,,,
2026-03-24T19:29:11.885127,mouse_move,Mouse at (235, 413),235,413,,,
2026-03-24T19:29:11.925368,mouse_move,Mouse at (231, 413),231,413,,,
2026-03-24T19:29:11.927384,mouse_move,Mouse at (217, 412),217,412,,,
2026-03-24T19:29:11.934384,mouse_move,Mouse at (214, 411),214,411,,,
2026-03-24T19:29:11.940823,mouse_move,Mouse at (212, 411),212,411,,,
2026-03-24T19:29:11.948822,mouse_move,Mouse at (210, 410),210,410,,,
2026-03-24T19:29:11.992400,mouse_move,Mouse at (209, 409),209,409,,,
2026-03-24T19:29:11.992400,mouse_move,Mouse at (202, 407),202,407,,,
2026-03-24T19:29:11.999610,mouse_move,Mouse at (202, 406),202,406,,,
2026-03-24T19:29:12.005268,mouse_move,Mouse at (201, 406),201,406,,,
2026-03-24T19:29:12.012396,mouse_move,Mouse at (200, 406),200,406,,,
2026-03-24T19:29:12.116471,mouse_move,Mouse at (200, 405),200,405,,,
2026-03-24T19:29:12.142201,mouse_move,Mouse at (199, 405),199,405,,,
2026-03-24T19:29:12.145409,mouse_move,Mouse at (198, 405),198,405,,,
2026-03-24T19:29:12.151543,mouse_move,Mouse at (197, 404),197,404,,,
2026-03-24T19:29:12.156669,mouse_move,Mouse at (197, 404),197,404,,,
2026-03-24T19:29:12.209751,mouse_move,Mouse at (195, 404),195,404,,,
2026-03-24T19:29:12.210764,mouse_move,Mouse at (192, 402),192,402,,,
2026-03-24T19:29:12.228479,mouse_move,Mouse at (191, 402),191,402,,,
2026-03-24T19:29:12.258966,mouse_move,Mouse at (190, 401),190,401,,,
2026-03-24T19:29:12.258966,mouse_move,Mouse at (190, 400),190,400,,,
2026-03-24T19:29:12.261156,mouse_move,Mouse at (190, 399),190,399,,,
2026-03-24T19:29:12.277292,mouse_move,Mouse at (189, 399),189,399,,,
2026-03-24T19:29:12.360976,mouse_move,Mouse at (189, 397),189,397,,,
2026-03-24T19:29:12.373472,mouse_move,Mouse at (188, 396),188,396,,,
2026-03-24T19:29:12.427986,mouse_move,Mouse at (187, 396),187,396,,,
2026-03-24T19:29:12.427986,mouse_move,Mouse at (186, 396),186,396,,,
2026-03-24T19:29:12.475386,mouse_move,Mouse at (185, 396),185,396,,,
2026-03-24T19:29:12.484386,mouse_move,Mouse at (184, 396),184,396,,,
2026-03-24T19:29:12.492352,mouse_move,Mouse at (183, 396),183,396,,,
2026-03-24T19:29:12.530650,mouse_move,Mouse at (183, 396),183,396,,,
2026-03-24T19:29:12.663507,mouse_click,Mouse left Click,183,396,,,
2026-03-24T19:29:12.794976,mouse_move,Mouse at (182, 396),182,396,,,
2026-03-24T19:29:12.794976,mouse_move,Mouse at (183, 397),183,397,,,
2026-03-24T19:29:12.798661,mouse_move,Mouse at (183, 397),183,397,,,
2026-03-24T19:29:12.805750,mouse_move,Mouse at (185, 398),185,398,,,
2026-03-24T19:29:12.812714,mouse_move,Mouse at (188, 401),188,401,,,
2026-03-24T19:29:12.860356,mouse_move,Mouse at (191, 404),191,404,,,
2026-03-24T19:29:12.860356,mouse_move,Mouse at (216, 422),216,422,,,
2026-03-24T19:29:12.862618,mouse_move,Mouse at (223, 427),223,427,,,
2026-03-24T19:29:12.868671,mouse_move,Mouse at (232, 433),232,433,,,
2026-03-24T19:29:12.877478,mouse_move,Mouse at (239, 439),239,439,,,
2026-03-24T19:29:12.884352,mouse_move,Mouse at (248, 444),248,444,,,
2026-03-24T19:29:12.892878,mouse_move,Mouse at (252, 448),252,448,,,
2026-03-24T19:29:12.901264,mouse_move,Mouse at (257, 452),257,452,,,
2026-03-24T19:29:12.908619,mouse_move,Mouse at (262, 456),262,456,,,
2026-03-24T19:29:12.916295,mouse_move,Mouse at (264, 459),264,459,,,
2026-03-24T19:29:12.958053,mouse_move,Mouse at (267, 461),267,461,,,
2026-03-24T19:29:12.959056,mouse_move,Mouse at (271, 466),271,466,,,
2026-03-24T19:29:13.008990,mouse_move,Mouse at (271, 466),271,466,,,
2026-03-24T19:29:13.008990,mouse_move,Mouse at (273, 467),273,467,,,
2026-03-24T19:29:13.013094,mouse_move,Mouse at (274, 467),274,467,,,
2026-03-24T19:29:13.021485,mouse_move,Mouse at (275, 467),275,467,,,
2026-03-24T19:29:13.028483,mouse_move,Mouse at (276, 467),276,467,,,
2026-03-24T19:29:13.058613,mouse_move,Mouse at (279, 466),279,466,,,
2026-03-24T19:29:13.059616,mouse_move,Mouse at (286, 464),286,464,,,
2026-03-24T19:29:13.060674,mouse_move,Mouse at (287, 463),287,463,,,
2026-03-24T19:29:14.499255,key_press,Key: s,0,0,,,
2026-03-24T19:29:14.562932,key_press,Key: i,0,0,,,
2026-03-24T19:29:16.049225,key_press,Key: backspace,0,0,,,
2026-03-24T19:29:16.260888,key_press,Key: backspace,0,0,,,
2026-03-24T19:29:16.623920,key_press,Key: b,0,0,,,
2026-03-24T19:29:16.691709,key_press,Key: a,0,0,,,
2026-03-24T19:29:17.414112,key_press,Key: backspace,0,0,,,
2026-03-24T19:29:17.615749,key_press,Key: backspace,0,0,,,
2026-03-24T19:29:17.939848,key_press,Key: s,0,0,,,
2026-03-24T19:29:18.045479,key_press,Key: i,0,0,,,
2026-03-24T19:29:18.611617,key_press,Key: m,0,0,,,
2026-03-24T19:29:18.829643,key_press,Key: i,0,0,,,
2026-03-24T19:29:18.994423,key_press,Key: a,0,0,,,
2026-03-24T19:29:19.096076,key_press,Key: o,0,0,,,
2026-03-24T19:29:19.613880,key_press,Key:  ,0,0,,,
2026-03-24T19:29:19.911180,key_press,Key: backspace,0,0,,,
2026-03-24T19:29:20.063540,key_press,Key: d,0,0,,,
2026-03-24T19:29:20.526636,key_press,Key: u,0,0,,,
2026-03-24T19:29:20.645999,key_press,Key: o,0,0,,,
2026-03-24T19:29:21.293760,key_press,Key:  ,0,0,,,
2026-03-24T19:29:21.478156,key_press,Key: b,0,0,,,
2026-03-24T19:29:21.570612,key_press,Key: a,0,0,,,
2026-03-24T19:29:21.678359,key_press,Key: o,0,0,,,
2026-03-24T19:29:23.544097,key_press,Key: 3,0,0,,,
2026-03-24T19:29:23.858057,key_press,Key: f,0,0,,,
2026-03-24T19:29:24.267813,key_press,Key: o,0,0,,,
2026-03-24T19:29:24.944286,key_press,Key:  ,0,0,,,
2026-03-24T19:29:25.563550,key_press,Key: ctrl_l,0,0,,,
2026-03-24T19:29:26.069877,key_press,Key: ctrl_l,0,0,,,
2026-03-24T19:29:26.111332,key_press,Key: ctrl_l,0,0,,,
2026-03-24T19:29:26.134214,key_press,Key: ctrl_l,0,0,,,
2026-03-24T19:29:26.182572,key_press,Key: ctrl_l,0,0,,,
2026-03-24T19:29:26.197706,key_press,Key: ctrl_l,0,0,,,
2026-03-24T19:29:26.244774,key_press,Key: ,0,0,,,
2026-03-24T19:29:26.411144,key_press,Key: ,0,0,,,
2026-03-24T19:29:26.650675,key_press,Key: ,0,0,,,
2026-03-24T19:29:26.660715,mouse_move,Mouse at (288, 463),288,463,,,
2026-03-24T19:29:26.694280,mouse_move,Mouse at (288, 463),288,463,,,
2026-03-24T19:29:26.701670,mouse_move,Mouse at (288, 463),288,463,,,
2026-03-24T19:29:26.709296,mouse_move,Mouse at (287, 463),287,463,,,
2026-03-24T19:29:26.717345,mouse_move,Mouse at (286, 463),286,463,,,
2026-03-24T19:29:26.743130,mouse_move,Mouse at (286, 463),286,463,,,
2026-03-24T19:29:26.748846,mouse_move,Mouse at (283, 461),283,461,,,
2026-03-24T19:29:26.751955,mouse_move,Mouse at (280, 461),280,461,,,
2026-03-24T19:29:26.757070,mouse_move,Mouse at (276, 461),276,461,,,
2026-03-24T19:29:26.764602,mouse_move,Mouse at (273, 460),273,460,,,
2026-03-24T19:29:26.773044,mouse_move,Mouse at (271, 460),271,460,,,
2026-03-24T19:29:26.808762,mouse_move,Mouse at (268, 459),268,459,,,
2026-03-24T19:29:26.809800,mouse_move,Mouse at (260, 457),260,457,,,
2026-03-24T19:29:26.812883,mouse_move,Mouse at (258, 457),258,457,,,
2026-03-24T19:29:26.821061,mouse_move,Mouse at (253, 455),253,455,,,
2026-03-24T19:29:26.828562,mouse_move,Mouse at (250, 455),250,455,,,
2026-03-24T19:29:26.860668,mouse_move,Mouse at (246, 454),246,454,,,
2026-03-24T19:29:26.862950,mouse_move,Mouse at (232, 450),232,450,,,
2026-03-24T19:29:26.863966,key_press,Key: ,0,0,,,
2026-03-24T19:29:26.869119,mouse_move,Mouse at (227, 449),227,449,,,
2026-03-24T19:29:26.877118,mouse_move,Mouse at (223, 448),223,448,,,
2026-03-24T19:29:26.885481,mouse_move,Mouse at (220, 446),220,446,,,
2026-03-24T19:29:26.926774,mouse_move,Mouse at (216, 444),216,444,,,
2026-03-24T19:29:26.928250,mouse_move,Mouse at (206, 440),206,440,,,
2026-03-24T19:29:26.934602,mouse_move,Mouse at (203, 437),203,437,,,
2026-03-24T19:29:26.941041,mouse_move,Mouse at (200, 437),200,437,,,
2026-03-24T19:29:26.948806,mouse_move,Mouse at (197, 436),197,436,,,
2026-03-24T19:29:26.976327,mouse_move,Mouse at (195, 434),195,434,,,
2026-03-24T19:29:26.978718,mouse_move,Mouse at (190, 431),190,431,,,
2026-03-24T19:29:26.980777,mouse_move,Mouse at (189, 430),189,430,,,
2026-03-24T19:29:26.988898,mouse_move,Mouse at (186, 429),186,429,,,
2026-03-24T19:29:26.997391,mouse_move,Mouse at (184, 428),184,428,,,
2026-03-24T19:29:27.026240,mouse_move,Mouse at (181, 426),181,426,,,
2026-03-24T19:29:27.026240,mouse_move,Mouse at (177, 425),177,425,,,
2026-03-24T19:29:27.028647,mouse_move,Mouse at (174, 423),174,423,,,
2026-03-24T19:29:27.037174,mouse_move,Mouse at (171, 422),171,422,,,
2026-03-24T19:29:27.044899,mouse_move,Mouse at (168, 421),168,421,,,
2026-03-24T19:29:27.052395,mouse_move,Mouse at (166, 419),166,419,,,
2026-03-24T19:29:27.060859,mouse_move,Mouse at (163, 418),163,418,,,
2026-03-24T19:29:27.068435,mouse_move,Mouse at (161, 417),161,417,,,
2026-03-24T19:29:27.076989,mouse_move,Mouse at (158, 415),158,415,,,
2026-03-24T19:29:27.126886,mouse_move,Mouse at (155, 415),155,415,,,
2026-03-24T19:29:27.127891,mouse_move,Mouse at (150, 411),150,411,,,
2026-03-24T19:29:27.177529,mouse_move,Mouse at (149, 411),149,411,,,
2026-03-24T19:29:27.181829,mouse_move,Mouse at (147, 410),147,410,,,
2026-03-24T19:29:27.188705,mouse_move,Mouse at (147, 409),147,409,,,
2026-03-24T19:29:27.242068,mouse_move,Mouse at (146, 409),146,409,,,
2026-03-24T19:29:27.245269,mouse_move,Mouse at (142, 408),142,408,,,
2026-03-24T19:29:27.248486,mouse_move,Mouse at (141, 408),141,408,,,
2026-03-24T19:29:27.252816,mouse_move,Mouse at (141, 407),141,407,,,
2026-03-24T19:29:27.260811,mouse_move,Mouse at (140, 406),140,406,,,
2026-03-24T19:29:27.291606,mouse_move,Mouse at (138, 405),138,405,,,
2026-03-24T19:29:27.292883,mouse_move,Mouse at (137, 404),137,404,,,
2026-03-24T19:29:27.293888,mouse_move,Mouse at (136, 404),136,404,,,
2026-03-24T19:29:27.304214,mouse_move,Mouse at (134, 404),134,404,,,
2026-03-24T19:29:27.308959,mouse_move,Mouse at (133, 402),133,402,,,
2026-03-24T19:29:27.317001,mouse_move,Mouse at (132, 402),132,402,,,
2026-03-24T19:29:27.325156,mouse_move,Mouse at (130, 402),130,402,,,
2026-03-24T19:29:27.364992,mouse_move,Mouse at (129, 401),129,401,,,
2026-03-24T19:29:27.367269,mouse_move,Mouse at (127, 400),127,400,,,
2026-03-24T19:29:27.444923,mouse_click,Mouse left Click,127,400,,,
2026-03-24T19:29:27.542007,mouse_move,Mouse at (125, 399),125,399,,,
2026-03-24T19:29:27.794438,mouse_move,Mouse at (125, 399),125,399,,,
2026-03-24T19:29:27.795451,mouse_move,Mouse at (125, 402),125,402,,,
2026-03-24T19:29:27.796451,mouse_move,Mouse at (127, 408),127,408,,,
2026-03-24T19:29:27.804982,mouse_move,Mouse at (131, 415),131,415,,,
2026-03-24T19:29:27.812859,mouse_move,Mouse at (137, 426),137,426,,,
2026-03-24T19:29:27.820375,mouse_move,Mouse at (145, 439),145,439,,,
2026-03-24T19:29:27.860768,mouse_move,Mouse at (159, 457),159,457,,,
2026-03-24T19:29:27.860768,mouse_move,Mouse at (237, 537),237,537,,,
2026-03-24T19:29:27.869782,mouse_move,Mouse at (257, 556),257,556,,,
2026-03-24T19:29:27.876781,mouse_move,Mouse at (272, 568),272,568,,,
2026-03-24T19:29:27.907929,mouse_move,Mouse at (286, 580),286,580,,,
2026-03-24T19:29:27.909043,mouse_move,Mouse at (299, 592),299,592,,,
2026-03-24T19:29:27.911203,mouse_move,Mouse at (302, 595),302,595,,,
2026-03-24T19:29:27.918602,mouse_move,Mouse at (305, 596),305,596,,,
2026-03-24T19:29:28.429533,key_press,Key: backspace,0,0,,,
2026-03-24T19:29:28.927178,key_press,Key: backspace,0,0,,,
2026-03-24T19:29:28.993748,key_press,Key: backspace,0,0,,,
2026-03-24T19:29:28.997158,key_press,Key: backspace,0,0,,,
2026-03-24T19:29:29.064164,key_press,Key: backspace,0,0,,,
2026-03-24T19:29:29.068164,key_press,Key: backspace,0,0,,,
2026-03-24T19:29:29.111978,key_press,Key: backspace,0,0,,,
2026-03-24T19:29:29.422491,key_press,Key: ctrl_l,0,0,,,
2026-03-24T19:29:29.715893,key_press,Key: ,0,0,,,
2026-03-24T19:29:29.886772,mouse_move,Mouse at (304, 596),304,596,,,
2026-03-24T19:29:29.893267,mouse_move,Mouse at (304, 596),304,596,,,
2026-03-24T19:29:29.900436,mouse_move,Mouse at (303, 595),303,595,,,
2026-03-24T19:29:29.944750,mouse_move,Mouse at (302, 595),302,595,,,
2026-03-24T19:29:29.944750,mouse_move,Mouse at (303, 594),303,594,,,
2026-03-24T19:29:29.948783,mouse_move,Mouse at (305, 592),305,592,,,
2026-03-24T19:29:29.957781,mouse_move,Mouse at (311, 589),311,589,,,
2026-03-24T19:29:29.964815,mouse_move,Mouse at (322, 583),322,583,,,
2026-03-24T19:29:30.009351,mouse_move,Mouse at (337, 576),337,576,,,
2026-03-24T19:29:30.010496,mouse_move,Mouse at (436, 560),436,560,,,
2026-03-24T19:29:30.013368,mouse_move,Mouse at (467, 557),467,557,,,
2026-03-24T19:29:30.020367,mouse_move,Mouse at (500, 557),500,557,,,
2026-03-24T19:29:30.028399,mouse_move,Mouse at (533, 557),533,557,,,
2026-03-24T19:29:30.061276,mouse_move,Mouse at (563, 557),563,557,,,
2026-03-24T19:29:30.061276,mouse_move,Mouse at (632, 557),632,557,,,
2026-03-24T19:29:30.070549,mouse_move,Mouse at (647, 559),647,559,,,
2026-03-24T19:29:30.076549,mouse_move,Mouse at (659, 561),659,561,,,
2026-03-24T19:29:30.084549,mouse_move,Mouse at (670, 562),670,562,,,
2026-03-24T19:29:30.127386,mouse_move,Mouse at (679, 563),679,563,,,
2026-03-24T19:29:30.127386,mouse_move,Mouse at (705, 565),705,565,,,
2026-03-24T19:29:30.135390,mouse_move,Mouse at (710, 565),710,565,,,
2026-03-24T19:29:30.140390,mouse_move,Mouse at (715, 565),715,565,,,
2026-03-24T19:29:30.149098,mouse_move,Mouse at (719, 565),719,565,,,
2026-03-24T19:29:30.192296,mouse_move,Mouse at (723, 565),723,565,,,
2026-03-24T19:29:30.193301,mouse_move,Mouse at (731, 565),731,565,,,
2026-03-24T19:29:30.197371,mouse_click,Mouse left Click,731,565,,,
2026-03-24T19:29:30.260806,mouse_move,Mouse at (732, 565),732,565,,,
2026-03-24T19:29:30.396952,mouse_move,Mouse at (733, 565),733,565,,,
2026-03-24T19:29:30.407451,mouse_move,Mouse at (734, 564),734,564,,,
2026-03-24T19:29:30.412450,mouse_move,Mouse at (740, 563),740,563,,,
2026-03-24T19:29:30.421755,mouse_move,Mouse at (749, 562),749,562,,,
2026-03-24T19:29:30.460796,mouse_move,Mouse at (759, 557),759,557,,,
2026-03-24T19:29:30.461803,mouse_move,Mouse at (878, 540),878,540,,,
2026-03-24T19:29:30.470130,mouse_move,Mouse at (929, 530),929,530,,,
2026-03-24T19:29:30.477257,mouse_move,Mouse at (979, 523),979,523,,,
2026-03-24T19:29:30.485631,mouse_move,Mouse at (1032, 517),1032,517,,,
2026-03-24T19:29:30.526525,mouse_move,Mouse at (1090, 507),1090,507,,,
2026-03-24T19:29:30.526525,mouse_move,Mouse at (1326, 470),1326,470,,,
2026-03-24T19:29:30.534896,mouse_move,Mouse at (1385, 456),1385,456,,,
2026-03-24T19:29:30.541301,mouse_move,Mouse at (1444, 444),1444,444,,,
2026-03-24T19:29:30.548517,mouse_move,Mouse at (1497, 436),1497,436,,,
2026-03-24T19:29:30.576473,mouse_move,Mouse at (1555, 428),1555,428,,,
2026-03-24T19:29:30.578674,mouse_move,Mouse at (1661, 411),1661,411,,,
2026-03-24T19:29:30.584263,mouse_move,Mouse at (1709, 403),1709,403,,,
2026-03-24T19:29:30.589379,mouse_move,Mouse at (1747, 399),1747,399,,,
2026-03-24T19:29:30.597126,mouse_move,Mouse at (1787, 392),1787,392,,,
2026-03-24T19:29:30.625668,mouse_move,Mouse at (1819, 387),1819,387,,,
2026-03-24T19:29:30.625668,mouse_move,Mouse at (1857, 383),1857,383,,,
2026-03-24T19:29:30.628717,mouse_move,Mouse at (1865, 382),1865,382,,,
2026-03-24T19:29:30.636907,mouse_move,Mouse at (1868, 382),1868,382,,,
2026-03-24T19:29:30.723895,mouse_move,Mouse at (1868, 382),1868,382,,,
2026-03-24T19:29:30.723895,mouse_move,Mouse at (1868, 382),1868,382,,,
2026-03-24T19:29:30.725022,mouse_move,Mouse at (1864, 382),1864,382,,,
2026-03-24T19:29:30.733070,mouse_move,Mouse at (1857, 383),1857,383,,,
2026-03-24T19:29:30.740814,mouse_move,Mouse at (1847, 383),1847,383,,,
2026-03-24T19:29:30.781087,mouse_move,Mouse at (1840, 384),1840,384,,,
2026-03-24T19:29:30.782106,mouse_move,Mouse at (1832, 384),1832,384,,,
2026-03-24T19:29:30.791461,mouse_move,Mouse at (1830, 384),1830,384,,,
2026-03-24T19:29:30.796591,mouse_move,Mouse at (1829, 382),1829,382,,,
2026-03-24T19:29:30.804721,mouse_move,Mouse at (1827, 380),1827,380,,,
2026-03-24T19:29:30.845531,mouse_move,Mouse at (1825, 377),1825,377,,,
2026-03-24T19:29:30.845531,mouse_move,Mouse at (1820, 362),1820,362,,,
2026-03-24T19:29:30.853027,mouse_move,Mouse at (1820, 357),1820,357,,,
2026-03-24T19:29:30.861313,mouse_move,Mouse at (1822, 351),1822,351,,,
2026-03-24T19:29:30.911083,mouse_move,Mouse at (1823, 346),1823,346,,,
2026-03-24T19:29:30.911083,mouse_move,Mouse at (1835, 323),1835,323,,,
2026-03-24T19:29:30.917244,mouse_move,Mouse at (1835, 321),1835,321,,,
2026-03-24T19:29:30.924764,mouse_move,Mouse at (1836, 320),1836,320,,,
2026-03-24T19:29:30.960303,mouse_move,Mouse at (1837, 318),1837,318,,,
2026-03-24T19:29:31.027001,mouse_move,Mouse at (1837, 317),1837,317,,,
2026-03-24T19:29:31.027001,mouse_move,Mouse at (1838, 317),1838,317,,,
2026-03-24T19:29:31.037739,mouse_move,Mouse at (1838, 315),1838,315,,,
2026-03-24T19:29:31.045275,mouse_move,Mouse at (1839, 314),1839,314,,,
2026-03-24T19:29:31.077153,mouse_move,Mouse at (1839, 313),1839,313,,,
2026-03-24T19:29:31.078309,mouse_move,Mouse at (1840, 312),1840,312,,,
2026-03-24T19:29:31.084546,mouse_move,Mouse at (1840, 312),1840,312,,,
2026-03-24T19:29:31.093311,mouse_move,Mouse at (1841, 311),1841,311,,,
2026-03-24T19:29:31.141792,mouse_move,Mouse at (1841, 311),1841,311,,,
2026-03-24T19:29:31.143213,mouse_move,Mouse at (1841, 309),1841,309,,,
2026-03-24T19:29:31.312025,mouse_move,Mouse at (1842, 308),1842,308,,,
2026-03-24T19:29:31.312025,mouse_click,Mouse left Click,1842,308,,,
2026-03-24T19:29:31.453044,mouse_move,Mouse at (1842, 308),1842,308,,,
2026-03-24T19:29:31.454085,mouse_move,Mouse at (1840, 308),1840,308,,,
2026-03-24T19:29:31.463042,mouse_move,Mouse at (1835, 308),1835,308,,,
2026-03-24T19:29:31.468875,mouse_move,Mouse at (1827, 309),1827,309,,,
2026-03-24T19:29:31.477365,mouse_move,Mouse at (1818, 310),1818,310,,,
2026-03-24T19:29:31.484940,mouse_move,Mouse at (1805, 310),1805,310,,,
2026-03-24T19:29:31.533223,mouse_move,Mouse at (1790, 310),1790,310,,,
2026-03-24T19:29:31.533223,mouse_move,Mouse at (1668, 310),1668,310,,,
2026-03-24T19:29:31.542389,mouse_move,Mouse at (1643, 310),1643,310,,,
2026-03-24T19:29:31.549071,mouse_move,Mouse at (1613, 310),1613,310,,,
2026-03-24T19:29:31.557197,mouse_move,Mouse at (1586, 310),1586,310,,,
2026-03-24T19:29:31.564319,mouse_move,Mouse at (1558, 308),1558,308,,,
2026-03-24T19:29:31.613745,mouse_move,Mouse at (1528, 307),1528,307,,,
2026-03-24T19:29:31.614786,mouse_move,Mouse at (1386, 299),1386,299,,,
2026-03-24T19:29:31.622727,mouse_move,Mouse at (1356, 299),1356,299,,,
2026-03-24T19:29:31.628727,mouse_move,Mouse at (1329, 299),1329,299,,,
2026-03-24T19:29:31.636553,mouse_move,Mouse at (1307, 299),1307,299,,,
2026-03-24T19:29:31.644837,mouse_move,Mouse at (1288, 299),1288,299,,,
2026-03-24T19:29:31.681160,mouse_move,Mouse at (1273, 300),1273,300,,,
2026-03-24T19:29:31.683161,mouse_move,Mouse at (1240, 305),1240,305,,,
2026-03-24T19:29:31.685160,mouse_move,Mouse at (1232, 307),1232,307,,,
2026-03-24T19:29:31.693026,mouse_move,Mouse at (1227, 309),1227,309,,,
2026-03-24T19:29:31.701178,mouse_move,Mouse at (1220, 313),1220,313,,,
2026-03-24T19:29:31.708472,mouse_move,Mouse at (1212, 317),1212,317,,,
2026-03-24T19:29:31.747218,mouse_move,Mouse at (1205, 319),1205,319,,,
2026-03-24T19:29:31.748228,mouse_move,Mouse at (1175, 334),1175,334,,,
2026-03-24T19:29:31.749232,mouse_move,Mouse at (1163, 338),1163,338,,,
2026-03-24T19:29:31.756325,mouse_move,Mouse at (1150, 345),1150,345,,,
2026-03-24T19:29:31.764768,mouse_move,Mouse at (1132, 353),1132,353,,,
2026-03-24T19:29:31.772942,mouse_move,Mouse at (1117, 361),1117,361,,,
2026-03-24T19:29:31.812539,mouse_move,Mouse at (1105, 367),1105,367,,,
2026-03-24T19:29:31.812539,mouse_move,Mouse at (1076, 385),1076,385,,,
2026-03-24T19:29:31.812539,mouse_move,Mouse at (1066, 392),1066,392,,,
2026-03-24T19:29:31.820391,mouse_move,Mouse at (1058, 400),1058,400,,,
2026-03-24T19:29:31.829069,mouse_move,Mouse at (1050, 406),1050,406,,,
2026-03-24T19:29:31.836863,mouse_move,Mouse at (1041, 412),1041,412,,,
2026-03-24T19:29:31.879684,mouse_move,Mouse at (1033, 419),1033,419,,,
2026-03-24T19:29:31.879684,mouse_move,Mouse at (996, 442),996,442,,,
2026-03-24T19:29:31.887279,mouse_move,Mouse at (986, 445),986,445,,,
2026-03-24T19:29:31.892777,mouse_move,Mouse at (978, 445),978,445,,,
2026-03-24T19:29:31.901342,mouse_move,Mouse at (966, 445),966,445,,,
2026-03-24T19:29:31.908458,mouse_move,Mouse at (954, 441),954,441,,,
2026-03-24T19:29:31.946658,mouse_move,Mouse at (940, 437),940,437,,,
2026-03-24T19:29:31.947946,mouse_move,Mouse at (893, 405),893,405,,,
2026-03-24T19:29:31.948945,mouse_move,Mouse at (878, 397),878,397,,,
2026-03-24T19:29:31.956946,mouse_move,Mouse at (864, 388),864,388,,,
2026-03-24T19:29:31.965141,mouse_move,Mouse at (843, 374),843,374,,,
2026-03-24T19:29:31.972494,mouse_move,Mouse at (830, 367),830,367,,,
2026-03-24T19:29:32.009864,mouse_move,Mouse at (810, 359),810,359,,,
2026-03-24T19:29:32.009864,mouse_move,Mouse at (755, 343),755,343,,,
2026-03-24T19:29:32.012876,mouse_move,Mouse at (737, 340),737,340,,,
2026-03-24T19:29:32.020876,mouse_move,Mouse at (722, 339),722,339,,,
2026-03-24T19:29:32.028793,mouse_move,Mouse at (703, 338),703,338,,,
2026-03-24T19:29:32.062108,mouse_move,Mouse at (689, 338),689,338,,,
2026-03-24T19:29:32.062108,mouse_move,Mouse at (643, 339),643,339,,,
2026-03-24T19:29:32.068723,mouse_move,Mouse at (627, 339),627,339,,,
2026-03-24T19:29:32.077070,mouse_move,Mouse at (612, 339),612,339,,,
2026-03-24T19:29:32.126058,mouse_move,Mouse at (596, 339),596,339,,,
2026-03-24T19:29:32.127071,mouse_move,Mouse at (553, 335),553,335,,,
2026-03-24T19:29:32.133070,mouse_move,Mouse at (548, 334),548,334,,,
2026-03-24T19:29:32.141069,mouse_move,Mouse at (546, 332),546,332,,,
2026-03-24T19:29:32.176646,mouse_move,Mouse at (544, 331),544,331,,,
2026-03-24T19:29:32.177771,mouse_move,Mouse at (535, 324),535,324,,,
2026-03-24T19:29:32.181084,mouse_move,Mouse at (533, 323),533,323,,,
2026-03-24T19:29:32.188636,mouse_move,Mouse at (531, 320),531,320,,,
2026-03-24T19:29:32.196496,mouse_move,Mouse at (529, 318),529,318,,,
2026-03-24T19:29:32.228225,mouse_move,Mouse at (527, 317),527,317,,,
2026-03-24T19:29:32.229367,mouse_move,Mouse at (523, 312),523,312,,,
2026-03-24T19:29:32.229367,mouse_move,Mouse at (520, 311),520,311,,,
2026-03-24T19:29:32.237083,mouse_move,Mouse at (518, 309),518,309,,,
2026-03-24T19:29:32.244925,mouse_move,Mouse at (515, 307),515,307,,,
2026-03-24T19:29:32.278869,mouse_move,Mouse at (513, 305),513,305,,,
2026-03-24T19:29:32.279876,mouse_move,Mouse at (504, 301),504,301,,,
2026-03-24T19:29:32.286640,mouse_move,Mouse at (502, 300),502,300,,,
2026-03-24T19:29:32.292985,mouse_move,Mouse at (500, 300),500,300,,,
2026-03-24T19:29:32.302530,mouse_move,Mouse at (497, 300),497,300,,,
2026-03-24T19:29:32.343222,mouse_move,Mouse at (495, 299),495,299,,,
2026-03-24T19:29:32.343222,mouse_move,Mouse at (488, 298),488,298,,,
2026-03-24T19:29:32.349448,mouse_move,Mouse at (485, 298),485,298,,,
2026-03-24T19:29:32.356329,mouse_move,Mouse at (481, 298),481,298,,,
2026-03-24T19:29:32.364470,mouse_move,Mouse at (478, 298),478,298,,,
2026-03-24T19:29:32.395867,mouse_move,Mouse at (475, 298),475,298,,,
2026-03-24T19:29:32.397043,mouse_move,Mouse at (466, 298),466,298,,,
2026-03-24T19:29:32.397043,mouse_move,Mouse at (462, 298),462,298,,,
2026-03-24T19:29:32.404119,mouse_move,Mouse at (459, 298),459,298,,,
2026-03-24T19:29:32.413153,mouse_move,Mouse at (456, 298),456,298,,,
2026-03-24T19:29:32.421069,mouse_move,Mouse at (454, 298),454,298,,,
2026-03-24T19:29:32.461220,mouse_move,Mouse at (453, 298),453,298,,,
2026-03-24T19:29:32.462348,mouse_move,Mouse at (452, 298),452,298,,,
2026-03-24T19:29:32.484480,mouse_move,Mouse at (452, 298),452,298,,,
2026-03-24T19:29:32.526636,mouse_move,Mouse at (452, 298),452,298,,,
2026-03-24T19:29:32.527636,mouse_move,Mouse at (454, 295),454,295,,,
2026-03-24T19:29:32.535957,mouse_move,Mouse at (457, 294),457,294,,,
2026-03-24T19:29:32.540956,mouse_move,Mouse at (459, 293),459,293,,,
2026-03-24T19:29:32.548417,mouse_move,Mouse at (464, 291),464,291,,,
2026-03-24T19:29:32.556417,mouse_move,Mouse at (469, 290),469,290,,,
2026-03-24T19:29:32.565418,mouse_move,Mouse at (476, 290),476,290,,,
2026-03-24T19:29:32.573417,mouse_move,Mouse at (482, 289),482,289,,,
2026-03-24T19:29:32.580993,mouse_move,Mouse at (486, 288),486,288,,,
2026-03-24T19:29:32.589393,mouse_move,Mouse at (490, 287),490,287,,,
2026-03-24T19:29:32.624262,mouse_move,Mouse at (492, 287),492,287,,,
2026-03-24T19:29:32.625261,mouse_move,Mouse at (496, 287),496,287,,,
2026-03-24T19:29:32.637262,mouse_move,Mouse at (497, 287),497,287,,,
2026-03-24T19:29:32.693123,mouse_move,Mouse at (498, 287),498,287,,,
2026-03-24T19:29:32.693123,mouse_move,Mouse at (498, 287),498,287,,,
2026-03-24T19:29:33.044699,mouse_click,Mouse left Click,498,287,,,
2026-03-24T19:29:33.077223,mouse_move,Mouse at (499, 287),499,287,,,
2026-03-24T19:29:33.695380,mouse_move,Mouse at (499, 287),499,287,,,
2026-03-24T19:29:33.695380,mouse_move,Mouse at (500, 288),500,288,,,
2026-03-24T19:29:33.701968,mouse_move,Mouse at (501, 289),501,289,,,
2026-03-24T19:29:33.709264,mouse_move,Mouse at (503, 290),503,290,,,
2026-03-24T19:29:33.716653,mouse_move,Mouse at (505, 293),505,293,,,
2026-03-24T19:29:33.760375,mouse_move,Mouse at (510, 298),510,298,,,
2026-03-24T19:29:33.760884,mouse_move,Mouse at (558, 334),558,334,,,
2026-03-24T19:29:33.766496,mouse_move,Mouse at (575, 348),575,348,,,
2026-03-24T19:29:33.773129,mouse_move,Mouse at (603, 369),603,369,,,
2026-03-24T19:29:33.780353,mouse_move,Mouse at (630, 388),630,388,,,
2026-03-24T19:29:33.811605,mouse_move,Mouse at (658, 409),658,409,,,
2026-03-24T19:29:33.812937,mouse_move,Mouse at (706, 450),706,450,,,
2026-03-24T19:29:33.812937,mouse_move,Mouse at (727, 471),727,471,,,
2026-03-24T19:29:33.821331,mouse_move,Mouse at (747, 490),747,490,,,
2026-03-24T19:29:33.828763,mouse_move,Mouse at (763, 506),763,506,,,
2026-03-24T19:29:33.875883,mouse_move,Mouse at (776, 518),776,518,,,
2026-03-24T19:29:33.875883,mouse_move,Mouse at (812, 557),812,557,,,
2026-03-24T19:29:33.876887,mouse_move,Mouse at (819, 564),819,564,,,
2026-03-24T19:29:33.884886,mouse_move,Mouse at (826, 573),826,573,,,
2026-03-24T19:29:33.893253,mouse_move,Mouse at (831, 580),831,580,,,
2026-03-24T19:29:33.926205,mouse_move,Mouse at (835, 586),835,586,,,
2026-03-24T19:29:33.927217,mouse_move,Mouse at (842, 600),842,600,,,
2026-03-24T19:29:33.933217,mouse_move,Mouse at (844, 602),844,602,,,
2026-03-24T19:29:33.941216,mouse_move,Mouse at (844, 604),844,604,,,
2026-03-24T19:29:33.948523,mouse_move,Mouse at (844, 605),844,605,,,
2026-03-24T19:29:33.979457,mouse_move,Mouse at (844, 606),844,606,,,
2026-03-24T19:29:33.980535,mouse_move,Mouse at (844, 607),844,607,,,
2026-03-24T19:29:33.980535,mouse_move,Mouse at (843, 607),843,607,,,
2026-03-24T19:29:33.989211,mouse_move,Mouse at (843, 607),843,607,,,
2026-03-24T19:29:33.997099,mouse_move,Mouse at (841, 607),841,607,,,
2026-03-24T19:29:34.005197,mouse_move,Mouse at (838, 607),838,607,,,
2026-03-24T19:29:34.042103,mouse_move,Mouse at (835, 608),835,608,,,
2026-03-24T19:29:34.043373,mouse_move,Mouse at (827, 611),827,611,,,
2026-03-24T19:29:34.044376,mouse_move,Mouse at (823, 612),823,612,,,
2026-03-24T19:29:34.053027,mouse_move,Mouse at (821, 613),821,613,,,
2026-03-24T19:29:34.061170,mouse_move,Mouse at (817, 615),817,615,,,
2026-03-24T19:29:34.112560,mouse_move,Mouse at (814, 615),814,615,,,
2026-03-24T19:29:34.112560,mouse_move,Mouse at (795, 616),795,616,,,
2026-03-24T19:29:34.120369,mouse_move,Mouse at (791, 616),791,616,,,
2026-03-24T19:29:34.125403,mouse_move,Mouse at (787, 616),787,616,,,
2026-03-24T19:29:34.132882,mouse_move,Mouse at (782, 616),782,616,,,
2026-03-24T19:29:34.141016,mouse_move,Mouse at (777, 616),777,616,,,
2026-03-24T19:29:34.176933,mouse_move,Mouse at (772, 615),772,615,,,
2026-03-24T19:29:34.177968,mouse_move,Mouse at (757, 614),757,614,,,
2026-03-24T19:29:34.181131,mouse_move,Mouse at (753, 614),753,614,,,
2026-03-24T19:29:34.189366,mouse_move,Mouse at (747, 613),747,613,,,
2026-03-24T19:29:34.196398,mouse_move,Mouse at (742, 613),742,613,,,
2026-03-24T19:29:34.246235,mouse_move,Mouse at (739, 612),739,612,,,
2026-03-24T19:29:34.246235,mouse_move,Mouse at (728, 612),728,612,,,
2026-03-24T19:29:34.254561,mouse_move,Mouse at (726, 612),726,612,,,
2026-03-24T19:29:34.260560,mouse_move,Mouse at (725, 612),725,612,,,
2026-03-24T19:29:34.268561,mouse_move,Mouse at (722, 612),722,612,,,
2026-03-24T19:29:34.313137,mouse_move,Mouse at (720, 612),720,612,,,
2026-03-24T19:29:34.314153,mouse_move,Mouse at (711, 612),711,612,,,
2026-03-24T19:29:34.316359,mouse_move,Mouse at (710, 612),710,612,,,
2026-03-24T19:29:34.324820,mouse_move,Mouse at (708, 612),708,612,,,
2026-03-24T19:29:34.332859,mouse_move,Mouse at (706, 612),706,612,,,
2026-03-24T19:29:34.379542,mouse_move,Mouse at (705, 613),705,613,,,
2026-03-24T19:29:34.383018,mouse_move,Mouse at (698, 613),698,613,,,
2026-03-24T19:29:34.389149,mouse_move,Mouse at (696, 614),696,614,,,
2026-03-24T19:29:34.396573,mouse_move,Mouse at (695, 614),695,614,,,
2026-03-24T19:29:34.404759,mouse_move,Mouse at (694, 614),694,614,,,
2026-03-24T19:29:34.442634,mouse_move,Mouse at (694, 614),694,614,,,
2026-03-24T19:29:34.444576,mouse_move,Mouse at (692, 614),692,614,,,
2026-03-24T19:29:34.446187,mouse_move,Mouse at (691, 614),691,614,,,
2026-03-24T19:29:34.453035,mouse_move,Mouse at (690, 614),690,614,,,
2026-03-24T19:29:34.461064,mouse_move,Mouse at (688, 614),688,614,,,
2026-03-24T19:29:34.468311,mouse_move,Mouse at (687, 614),687,614,,,
2026-03-24T19:29:34.477102,mouse_move,Mouse at (686, 614),686,614,,,
2026-03-24T19:29:34.485137,mouse_move,Mouse at (684, 613),684,613,,,
2026-03-24T19:29:34.493174,mouse_move,Mouse at (683, 613),683,613,,,
2026-03-24T19:29:34.500855,mouse_move,Mouse at (682, 613),682,613,,,
2026-03-24T19:29:34.541198,mouse_move,Mouse at (681, 613),681,613,,,
2026-03-24T19:29:34.542329,mouse_move,Mouse at (673, 609),673,609,,,
2026-03-24T19:29:34.549140,mouse_move,Mouse at (670, 607),670,607,,,
2026-03-24T19:29:34.556956,mouse_move,Mouse at (670, 607),670,607,,,
2026-03-24T19:29:34.596567,mouse_move,Mouse at (668, 606),668,606,,,
2026-03-24T19:29:34.596567,mouse_move,Mouse at (667, 606),667,606,,,
2026-03-24T19:29:34.664036,mouse_click,Mouse left Click,667,606,,,
2026-03-24T19:29:35.236746,mouse_move,Mouse at (667, 605),667,605,,,
2026-03-24T19:29:35.244708,mouse_move,Mouse at (667, 604),667,604,,,
2026-03-24T19:29:35.275290,mouse_move,Mouse at (667, 603),667,603,,,
2026-03-24T19:29:35.276357,mouse_move,Mouse at (667, 602),667,602,,,
2026-03-24T19:29:35.277442,mouse_move,Mouse at (667, 601),667,601,,,
2026-03-24T19:29:35.285107,mouse_move,Mouse at (668, 600),668,600,,,
2026-03-24T19:29:35.325021,mouse_move,Mouse at (668, 600),668,600,,,
2026-03-24T19:29:35.326077,mouse_move,Mouse at (668, 599),668,599,,,
2026-03-24T19:29:35.374882,mouse_move,Mouse at (668, 598),668,598,,,
2026-03-24T19:29:35.581168,mouse_move,Mouse at (669, 597),669,597,,,
2026-03-24T19:29:35.608617,mouse_move,Mouse at (670, 597),670,597,,,
2026-03-24T19:29:35.609772,mouse_move,Mouse at (670, 598),670,598,,,
2026-03-24T19:29:35.612976,mouse_move,Mouse at (671, 598),671,598,,,
2026-03-24T19:29:35.620493,mouse_move,Mouse at (672, 599),672,599,,,
2026-03-24T19:29:35.926672,mouse_move,Mouse at (673, 600),673,600,,,
2026-03-24T19:29:36.669740,mouse_move,Mouse at (673, 601),673,601,,,
